<?xml version="1.0" encoding="UTF-8"?>
<project-private xmlns="http://www.netbeans.org/ns/project-private/1">
    <editor-bookmarks xmlns="http://www.netbeans.org/ns/editor-bookmarks/2" lastBookmarkId="0"/>
    <open-files xmlns="http://www.netbeans.org/ns/projectui-open-files/2">
        <group>
            <file>file:/D:/Kỳ%204/PRJ301/asm/prj-w10/PRJ301-MyAssignment/MyProject/src/java/com/acme/leavemgmt/servlet/LoginServlet.java</file>
            <file>file:/D:/Kỳ%204/PRJ301/asm/prj-w10/PRJ301-MyAssignment/MyProject/src/java/com/acme/leavemgmt/servlet/ApprovalsServlet.java</file>
            <file>file:/D:/Kỳ%204/PRJ301/asm/prj-w10/PRJ301-MyAssignment/MyProject/web/WEB-INF/web.xml</file>
            <file>file:/D:/Kỳ%204/PRJ301/asm/prj-w10/PRJ301-MyAssignment/MyProject/src/java/com/acme/leavemgmt/servlet/account/ResetVerifyServlet.java</file>
            <file>file:/D:/Kỳ%204/PRJ301/asm/prj-w10/PRJ301-MyAssignment/MyProject/src/java/com/acme/leavemgmt/util/DBConnection.java</file>
            <file>file:/D:/Kỳ%204/PRJ301/asm/prj-w10/PRJ301-MyAssignment/MyProject/src/java/com/acme/leavemgmt/servlet/account/ChangePasswordServlet.java</file>
            <file>file:/D:/Kỳ%204/PRJ301/asm/prj-w10/PRJ301-MyAssignment/MyProject/src/java/com/acme/leavemgmt/util/SimpleDataSource.java</file>
            <file>file:/D:/Kỳ%204/PRJ301/asm/prj-w10/PRJ301-MyAssignment/MyProject/src/java/com/acme/leavemgmt/dao/UserDAO.java</file>
            <file>file:/D:/Kỳ%204/PRJ301/asm/prj-w10/PRJ301-MyAssignment/MyProject/src/java/com/acme/leavemgmt/dao/NotificationDAO.java</file>
            <file>file:/D:/Kỳ%204/PRJ301/asm/prj-w10/PRJ301-MyAssignment/MyProject/src/java/com/acme/leavemgmt/web/auth/AuthServlet.java</file>
            <file>file:/D:/Kỳ%204/PRJ301/asm/prj-w10/PRJ301-MyAssignment/MyProject/src/java/com/acme/leavemgmt/bootstrap/AppInit.java</file>
            <file>file:/D:/Kỳ%204/PRJ301/asm/prj-w10/PRJ301-MyAssignment/MyProject/web/WEB-INF/views/layout/_footer.jsp</file>
            <file>file:/D:/Kỳ%204/PRJ301/asm/prj-w10/PRJ301-MyAssignment/MyProject/web/WEB-INF/views/layout/_sidebar.jsp</file>
            <file>file:/D:/Kỳ%204/PRJ301/asm/prj-w10/PRJ301-MyAssignment/MyProject/src/java/com/acme/leavemgmt/servlet/account/ForgotPasswordServlet.java</file>
            <file>file:/D:/Kỳ%204/PRJ301/asm/prj-w10/PRJ301-MyAssignment/MyProject/src/java/com/acme/leavemgmt/servlet/RequestApproveServlet.java</file>
            <file>file:/D:/Kỳ%204/PRJ301/asm/prj-w10/PRJ301-MyAssignment/MyProject/web/WEB-INF/views/layout/_header.jsp</file>
            <file>file:/D:/Kỳ%204/PRJ301/asm/prj-w10/PRJ301-MyAssignment/MyProject/web/WEB-INF/views/layouts/portal_layout.jsp</file>
            <file>file:/D:/Kỳ%204/PRJ301/asm/prj-w10/PRJ301-MyAssignment/MyProject/web/WEB-INF/views/request/approvals.jsp</file>
            <file>file:/D:/Kỳ%204/PRJ301/asm/prj-w10/PRJ301-MyAssignment/MyProject/src/java/com/acme/leavemgmt/servlet/ProfileServlet.java</file>
            <file>file:/D:/Kỳ%204/PRJ301/asm/prj-w10/PRJ301-MyAssignment/MyProject/src/java/com/acme/leavemgmt/model/Notification.java</file>
        </group>
    </open-files>
</project-private>
