<?xml version="1.0" encoding="UTF-8"?>
<project-private xmlns="http://www.netbeans.org/ns/project-private/1">
    <editor-bookmarks xmlns="http://www.netbeans.org/ns/editor-bookmarks/2" lastBookmarkId="0"/>
    <open-files xmlns="http://www.netbeans.org/ns/projectui-open-files/2">
        <group>
            <file>file:/D:/Kỳ%204/PRJ301/asm/prj-w10/PRJ301-MyAssignment/MyProject/src/java/com/acme/leavemgmt/servlet/account/ForgotPasswordServlet.java</file>
            <file>file:/D:/Kỳ%204/PRJ301/asm/prj-w10/PRJ301-MyAssignment/MyProject/web/WEB-INF/tags/admin/layout.tag</file>
            <file>file:/D:/Kỳ%204/PRJ301/asm/prj-w10/PRJ301-MyAssignment/MyProject/web/WEB-INF/views/admin/div_dashboard_body.jsp</file>
            <file>file:/D:/Kỳ%204/PRJ301/asm/prj-w10/PRJ301-MyAssignment/MyProject/web/WEB-INF/views/layouts/admin_layout.jsp</file>
            <file>file:/D:/Kỳ%204/PRJ301/asm/prj-w10/PRJ301-MyAssignment/MyProject/src/java/com/acme/leavemgmt/servlet/account/UserHomeServlet.java</file>
        </group>
    </open-files>
</project-private>
